id,name,model_id:id,group_id:id,perm_read,perm_write,perm_create,perm_unlink
access_medicine_patient,medicine.patient,model_dawai_medicine,dawai_platform.group_dawai_patient,1,0,0,0
access_medicine_pharmacist,medicine.pharmacist,model_dawai_medicine,dawai_platform.group_dawai_pharmacist,1,0,0,0
access_medicine_admin,medicine.admin,model_dawai_medicine,dawai_platform.group_dawai_admin,1,1,1,1
access_supplier_pharmacist,supplier.pharmacist,model_dawai_supplier,dawai_platform.group_dawai_pharmacist,1,0,0,0
access_supplier_admin,supplier.admin,model_dawai_supplier,dawai_platform.group_dawai_admin,1,1,1,1
access_pharmacy_patient,pharmacy.patient,model_dawai_pharmacy,dawai_platform.group_dawai_patient,1,0,0,0
access_pharmacy_pharmacist,pharmacy.pharmacist,model_dawai_pharmacy,dawai_platform.group_dawai_pharmacist,1,0,0,0
access_pharmacy_admin,pharmacy.admin,model_dawai_pharmacy,dawai_platform.group_dawai_admin,1,1,1,1
access_patient_patient,patient.patient,model_dawai_patient,dawai_platform.group_dawai_patient,1,1,0,0
access_patient_pharmacist,patient.pharmacist,model_dawai_patient,dawai_platform.group_dawai_pharmacist,1,1,1,0
access_patient_admin,patient.admin,model_dawai_patient,dawai_platform.group_dawai_admin,1,1,1,1
access_stock_inbound_pharmacist,stock_inbound.pharmacist,model_dawai_stock_inbound,dawai_platform.group_dawai_pharmacist,1,1,1,0
access_stock_inbound_admin,stock_inbound.admin,model_dawai_stock_inbound,dawai_platform.group_dawai_admin,1,1,1,1
access_inventory_patient,inventory.patient,model_dawai_inventory,dawai_platform.group_dawai_patient,1,0,0,0
access_inventory_pharmacist,inventory.pharmacist,model_dawai_inventory,dawai_platform.group_dawai_pharmacist,1,1,1,0
access_inventory_admin,inventory.admin,model_dawai_inventory,dawai_platform.group_dawai_admin,1,1,1,1
access_booking_patient,booking.patient,model_dawai_medicine_booking,dawai_platform.group_dawai_patient,1,1,1,0
access_booking_pharmacist,booking.pharmacist,model_dawai_medicine_booking,dawai_platform.group_dawai_pharmacist,1,1,1,0
access_booking_admin,booking.admin,model_dawai_medicine_booking,dawai_platform.group_dawai_admin,1,1,1,1
access_prescription_patient,prescription.patient,model_dawai_prescription,dawai_platform.group_dawai_patient,1,0,0,0
access_prescription_pharmacist,prescription.pharmacist,model_dawai_prescription,dawai_platform.group_dawai_pharmacist,1,1,1,0
access_prescription_admin,prescription.admin,model_dawai_prescription,dawai_platform.group_dawai_admin,1,1,1,1
access_dispensing_patient,dispensing.patient,model_dawai_dispensing_transaction,dawai_platform.group_dawai_patient,1,0,0,0
access_dispensing_pharmacist,dispensing.pharmacist,model_dawai_dispensing_transaction,dawai_platform.group_dawai_pharmacist,1,1,1,0
access_dispensing_admin,dispensing.admin,model_dawai_dispensing_transaction,dawai_platform.group_dawai_admin,1,1,1,1
access_dispensing_report_wizard,dispensing.report.wizard,model_dispensing_report_wizard,dawai_platform.group_dawai_admin,1,1,1,1
access_report_wizard_pharmacist,dispensing.report.wizard,model_dispensing_report_wizard,dawaee_platform.group_dawai_pharmacist,1,1,1,0
access_medicine_demand_report_wizard,medicine.demand.report.wizard,model_medicine_demand_report_wizard,dawai_platform.group_dawai_admin,1,1,1,1
access_medicine_demand_report_wizard_pharmacist,medicine.demand.report.wizard,model_medicine_demand_report_wizard,dawai_platform.group_dawai_pharmacist,1,1,1,0
access_inventory_report_wizard,inventory.report.wizard,model_inventory_report_wizard,dawai_platform.group_dawai_admin,1,1,1,1
access_inventory_report_wizard_pharmacist,inventory.report.wizard,model_inventory_report_wizard,dawai_platform.group_dawai_pharmacist,1,1,1,0

access_expired_bookings_report_wizard,expired.bookings.report.wizard,model_expired_bookings_report_wizard,dawai_platform.group_dawai_admin,1,1,1,1
access_expired_bookings_report_wizard_pharmacist,expired.bookings.report.wizard,model_expired_bookings_report_wizard,dawai_platform.group_dawai_pharmacist,1,1,1,0

access_prescription_report_wizard,prescription.report.wizard,model_prescription_report_wizard,dawai_platform.group_dawai_admin,1,1,1,1
access_prescription_report_wizard_pharmacist,prescription.report.wizard,model_prescription_report_wizard,dawai_platform.group_dawai_pharmacist,1,1,1,0
